last_name,first_name,username,course,cs_account,final,lab1,lab2,lab3,lab4,lab5,midterm,quiz1,quiz2,quiz3,quiz4
Berry,Roman,rberry4,cs007,cs00702,A,A,C-,D,A-,A+,A,A+,A,A,A-
Burton,Silvia,sburton8,cs007,cs00703,B+,A,A+,A,B-,A+,B,A,A,A+,B-
Cabrera,Ebony,ecabrera7,cs007,cs00704,A+,A+,A+,A,A+,B,A+,A+,A,A+,A+
Chavez,Chase,cchavez9,cs007,cs00705,F,B-,F,F,F,F,F,B,B,F,F
Delaney,Kristin,kdelaney6,cs007,cs00706,A-,A,A-,B-,A+,A+,C,A,A-,B-,D+
Estes,Elena,eestes3,cs007,cs00707,B+,A+,A+,A,F,F,A+,A+,A-,A,A-
Galloway,Fannie,fgalloway8,cs007,cs00708,F,A-,B,F,B+,C-,B,A-,B+,C,D-
Hensley,Will,whensley4,cs007,cs00709,A+,A+,A+,A+,A+,A+,A+,A+,A+,A,A
Holder,Kermit,kholder6,cs007,cs00710,F,B,F,B-,B,C-,F,A-,C,C+,F
Lowe,Mari,mlowe5,cs007,cs00712,F,D-,F,F,F,F,F,B+,B+,F,F
Robinson,Whitney,wrobinson7,cs007,cs00713,B+,D-,B,A+,A-,B-,B-,C,C-,C+,C
Rodriguez,Roderick,rrodriguez9,cs007,cs00714,B,B,C,B,F,A+,C+,A+,B,F,C