last_name,first_name,username,course,cs_account,final,lab1,lab2,lab3,lab4,lab5,lab6,midterm,quiz1,quiz2,quiz3,quiz4
Aguilar,Alyce,aaguilar11,cs002,cs00201,B,C,C-,C+,B,A,A+,B-,A+,B-,B,B+
Anderson,Hilario,handerson5,cs002,cs00202,A-,A,C-,F,B,A+,B+,C+,A+,D+,B-,D+
Black,Seth,sblack11,cs002,cs00203,A+,A+,A+,A+,A+,A+,A+,A,A+,A+,A,A+
Castaneda,Calvin,ccastaneda4,cs002,cs00204,A-,A+,A+,F,F,F,F,A,A+,B+,A+,B+
Duncan,Jerry,jduncan1,cs002,cs00205,A-,A,A+,A-,A,B+,B-,A,B-,B+,A-,A-
Franks,Emanuel,efranks12,cs002,cs00206,B,A-,A+,A,A+,A,A-,A,A,C-,A-,B-
Frost,Sheldon,sfrost1,cs002,cs00207,B,A+,A,F,A+,A-,F,A,A,A,B,F
Gould,Enrique,egould10,cs002,cs00208,B-,B-,F,F,D,C-,F,C+,B,C,B-,C+
Harris,Kristin,kharris9,cs002,cs00209,F,B,A+,A+,A+,F,F,B,A+,A,B-,F
Hernandez,Cynthia,chernandez2,cs002,cs00210,A+,A,A+,A+,B+,A,A+,A,A,A,A+,B+
Holloway,Mary,mholloway8,cs002,cs00211,D+,B,C+,F,F,F,F,D+,F,B+,A-,C
Kirkland,Tasha,tkirkland8,cs002,cs00212,A+,A+,A+,A+,A,A+,A-,A-,A+,A+,A+,A+
Mosley,Hank,hmosley4,cs002,cs00213,C-,A+,C,A-,B,B-,F,D+,A,C,D+,C
Nielsen,Lewis,lnielsen7,cs002,cs00214,B+,B,F,C,F,F,F,D,A-,A,B,F
Oneal,Beverley,boneal9,cs002,cs00215,F,C,F,F,F,F,F,D-,A,C+,B,F
Oneil,Lillian,loneil6,cs002,cs00216,D-,C,F,F,F,C,F,D-,B+,C+,F,D
Price,Woodrow,wprice7,cs002,cs00217,B,A+,B+,A+,A,A,A+,A,A,A-,A-,B+
Ray,Celina,cray5,cs002,cs00218,D-,D,F,F,F,D-,F,F,A,C+,D+,F